Locus,Effect_number_alleles,Actual_number_alleles
6,7.127652333076619,10
13,9.433921324492367,18
16,11.837210887961273,21
18,9.060152344649644,13
21,9.102943181795423,13
25,8.982757507137475,16
28,9.526675692239216,14
31,7.821977425616711,13
34,14.447192621529775,24
69,7.701731056475718,11
73,9.559917788530987,18
74,6.001807984637293,13
84,7.548134263494952,13
m71E,10.157021457520392,12
m82C,11.269394769265343,15
