QnSize,pval1,QnWt,pval2
6,0.98,6,0.387
13,0.038,13,0.47100000000000003
16,0.585,16,0.11699999999999999
18,0.276,18,0.026000000000000002
21,0.193,21,0.08199999999999999
25,0.469,25,0.767
28,0.044000000000000004,28,0.198
31,0.429,31,0.9590000000000001
34,0.635,34,0.501
69,0.37,69,0.124
73,0.534,73,0.133
74,0.747,74,0.315
84,0.42100000000000004,84,0.442
m71E,0.396,m71E,0.871
m82C,0.00416666667,m82C,0.263
